image_number,psnr,ssim
0,28.09973630493335,0.8737989618837138
1,24.463569592871846,0.7348856132478442
2,30.127946446898676,0.9274508706359638
3,25.831666044579183,0.7624402620245951
